Model,Embedding,Accuracy,Precision,Recall,F1-Score
LSTM,TF-IDF,97.62030671602326,97.62406978954455,97.62030671602326,97.61928167761826
