Model,Embedding,Accuracy,Precision,Recall,F1-Score
Random Forest,TF-IDF,0.9820224719101124,0.9821191253969752,0.9820224719101124,0.98200944940442
SVM,TF-IDF,0.9752808988764045,0.975934930580003,0.9752808988764045,0.9752936065904123
SVM,FastText,0.9685393258426966,0.9686750071087084,0.9685393258426966,0.9683846929077963
Random Forest,FastText,0.9595505617977528,0.9608697668979509,0.9595505617977528,0.9595475044277336
