Category,Precision,Recall,F1-Score,Support
Books,98.27586206896551,96.44670050761421,97.35269000853971,1773
Clothing & Accessories,97.63899466869765,98.53958493466564,98.08722264728385,1301
Electronics,97.48743718592965,97.42623979912115,97.45682888540031,1593
Household,97.29359369647139,98.03244735933725,97.66162310866575,2897
