model,accuracy,precision,recall,f1_score
GRU with Word2Vec CBOW,0.9754098360655737,0.9755278548104533,0.9754098360655737,0.9754009117248574
GRU with Word2Vec Skip-gram,0.9742199894235855,0.9745446882547586,0.9742199894235855,0.9742596291159357
GRU with FastText,0.9740877842411423,0.9740933621810419,0.9740877842411423,0.9740819078881144
TF-IDF with Dense NN,0.9723691168693813,0.9723773835959314,0.9723691168693813,0.9723608162450069
GRU with GloVe,0.9648334214701216,0.965059664009358,0.9648334214701216,0.9648137900977786
