embedding,model,accuracy,precision,recall,f1_score
Word2Vec Skip-gram,Logistic Regression,0.9435483870967742,0.9435665144289831,0.9435483870967742,0.9435249576716553
Word2Vec CBOW,Logistic Regression,0.9383923849814912,0.9384186578103175,0.9383923849814912,0.9383465624124938
FastText,Logistic Regression,0.9348228450555262,0.9348681646901967,0.9348228450555262,0.9347718621551045
