embedding,model,accuracy,precision,recall,f1_score
Word2Vec Skip-gram,Logistic Regression,0.9410364886303543,0.9410956689979276,0.9410364886303543,0.9410135066701327
Word2Vec CBOW,Logistic Regression,0.9383923849814912,0.9384353573823009,0.9383923849814912,0.9383262174878755
FastText,Logistic Regression,0.9357482813326282,0.9357748980585326,0.9357482813326282,0.9356908145681182
