embedding,model,accuracy,precision,recall,f1_score,training_time,inference_time,best_params
Word2Vec Skip-gram,Logistic Regression,0.9418297197250132,0.9418914705004203,0.9418297197250132,0.9418067251022475,43.20493483543396,0.002994060516357422,"{'C': 100.0, 'max_iter': 500, 'penalty': 'l2', 'solver': 'liblinear'}"
Word2Vec CBOW,Logistic Regression,0.937334743521946,0.9373931113630692,0.937334743521946,0.93728315174852,38.70211100578308,0.0022323131561279297,"{'C': 1.0, 'max_iter': 500, 'penalty': 'l2', 'solver': 'liblinear'}"
FastText,Logistic Regression,0.9344262295081968,0.9345031954069042,0.9344262295081968,0.9343790419552933,41.266013622283936,0.0022721290588378906,"{'C': 0.1, 'max_iter': 500, 'penalty': 'l2', 'solver': 'liblinear'}"
