Model,Embedding,Accuracy,Precision,Recall,F1-Score
Random Forest,TF-IDF,0.9820224719101124,0.9821191253969752,0.9820224719101124,0.98200944940442
SVM,TF-IDF,0.9752808988764045,0.975934930580003,0.9752808988764045,0.9752936065904123
Random Forest,Word2Vec,0.9483146067415731,0.9493709709894571,0.9483146067415731,0.9485469372654609
SVM,Word2Vec,0.9348314606741573,0.935630047281427,0.9348314606741573,0.9348571470315872
